cover	numberOfChunks	n-hop	redundancy	entropy	standardDeviation	GiniCoefficient
HASH	10	1000000000	0	1.0	3.3211062572929064	3411293.1420692652	0.016741568444444226
MOLECULE_HASH (diameter=2)	10	1000000000	0	1.0	3.3216451590340044	1982740.626670115	0.012428698666666627
MOLECULE_HASH (diameter=3)	10	1000000000	0	1.0	3.3214813261916225	2496570.911130505	0.014477982888888697
MOLECULE_HASH (diameter=4)	10	1000000000	0	1.0	3.3217559226655844	1545520.4919659912	0.00976904244444447